{
    "PID": "65cbbbf7e2ce5bb93a77bfb3",
    "Title": "solid wood desk sale.",
    "Text": "solid wood desk sale\n\nNew Mattresses sale: Single (Twin)\u00ad$219, Double (Full)\u00ad$279, Queen\u00ad$349, King\u00ad$639\n\nEnglish Lane Furniture\nFactory Direct Prices & Free Delivery!\nThe best deals on Mattresses, Bedroom, and all Furniture,\n\nAddress: 1151 Victoria St. N., Kitchener, ON N2B 3C8 (beside Service Ontario)\n\nCellphone: 226-220-9938\n\nStore Hours: call or text 226-220-9938 to make an Appointment\n\nsame day delivery, and custom make available\n\nThe following websites are furniture supplies, can order any items.\n\nhttp://www.mazinfurniture.com/\n\nhttps://cratedesignsfurniture.com/",
    "Price": "555",
    "Fields": ["Furniture"]
}