{
    "PID": "65cbbbe5e2ce5bb93a77bfae",
    "Title": "Custom BMX for sale.",
    "Text": "Price is negotiable (price already dropped 250$)\n\nCondition 7.5/10\nChain a bit rusted\nBars a bit rusted\nTired are the same\nSpray painted over original color\n\nSpecs\nBirdcage frames\nBike frame S&M\nFront hub vandero Odyssey\nBackhub free coaster drive Conspircy\nSaltplus Sprocket\nOdyssey pedals\nSaltplus heatset spacers\nDemolition Front load stem\nAnimal Piece bars\nPivotal seat\nOdyssey Fork\nConspircy Pegs\nAnimal Crank set",
    "Price": "800",
    "Fields": ["Cars & Vehicles"]
}