{
    "PID": "65cbbbe0e2ce5bb93a77bfad",
    "Title": "Custom Fiend/Cult BMX Build (MUST SEE).",
    "Text": "For sale is a fully custom BMX bike with all top-of-the-line parts in incredible condition!\nThe parts list is as follows:\nFrame: Fiend Reynolds V2 (21\u201d TT)\nHandlebars: Cult Crew (9\u201d Rise)\nForks: Fiend Invest (20mm Offset)\nStem: Fiend Morrow V3 (48mm Reach)\nHeadset: WTP Compact\nGrips: Cult x Vans Waffle\nSeat: Cult x Vans Pivotal\nSeatpost: Odyssey Pivotal\nSprocket: \u00c9clat RS (25T)\nCranks: WeThePeople Logic (165mm)\nBB: \u00c9clat Mid Bottom Bracket (22mm)\nPedals: Federal Command Pedals\nChain: \u00c9clat Stroke (Half-Link)\nFront Wheel: Cult Crew V2\nRear Wheel: Cult Crew Cassette V2 (RHD)\nTires: \u00c9clat Morrow (2.4\u201d Wide)\n\u2014\u2014\u2014SELLING FOR $750.00\u2014\u2014\u2014\n***Feel free to checkout my other ads for more top brand BMX parts (new condition & great deals)***\nIf you have any further questions you can message me at +1 (204) 620-5650 or via Kijiji Messenger.",
    "Price": "750",
    "Fields": ["Cars & Vehicles"]
}